电影id,电影名称,上映时间,电影风格,电影导演,电影主演,电影演员,电影版本,电影评分
B00008G84O,Warhead,2002年7月30日,,,,,DVD,
B00008G863,Nowhere Land,2002年8月27日,,,,,DVD,
B00008G8EU,Soldier of Fortune [VHS],1999年2月23日,,,,,VHS,
B00008G90B,El Arte De Morir [VHS],2003年3月4日,,álvaro Fernández Armero,"Fele Martínez, María Esteve, Gustavo Salmerón, Adrià Collado, Lucía Jiménez",,VHS,
B00008K4F1,"Baldry, Long John - Live In Concert: Ohne Filter",2003年4月22日,Blues,,"Baldry, Long John",,DVD,
B00008MTWQ,Crime 101 VHS,2003年5月27日,,Robert Sarkies,"Willa O'Neill, Neill Rea, Ashleigh Seagar, Taika Cohen, Charlie Bleakley",,VHS,
B00008RH3D,Transformers Season 2 - Vol 8,2003年4月22日,,,,,DVD,
B00008YZRY,Simon Birch,,,,,,,4.8
B0000C508P,O Fantasma [VHS],2003年11月4日,,Jo?o Pedro Rodrigues,"Ricardo Meneses, Beatriz Torcato, Andre Barbosa, Eurico Vieira, Joaquim Oliveira",,VHS,
B0000CAPZ9,The Seven Year Itch [VHS],,,"Billy Wilder, Walter Lang","Ethel Merman, Marilyn Monroe, Donald O'Connor, Tom Ewell, Dan Dailey",,VHS,
B0000CBLBB,Once Upon A Potty DVD,,Kids & Family,,,,,4.4
B0000CDL6X,Sick to Death 4 Movie Pack,2003年10月7日,,"Kinji Fukasaku, David E. Durston, Richard T. Heffron, Michael Laughlin","Jodie Foster, Edward Asner, George Kennedy, Eli Wallach, Sonny Chiba",,DVD,
B0000CDL94,Laugh Track: Secret Agent [VHS],2003年11月18日,,,,,VHS,
B0000CEB6O,La Cuba Mia,2003年9月30日,,,Various,,DVD,
B0000D0YTX,Which Way Por Favor [VHS],2003年11月18日,,,,,VHS,
B0000D0YV3,Final Decision [VHS],2003年11月11日,,,Various,,VHS,
B0000D0YV5,Final Decision [DVD],2003年11月11日,,Geno Hart,"Darryl Drake, Jerry Dixon, Angel Desanti, Timothy Di Pri, Brian Apt",,DVD,
B0000DBJ8K,Casper the Friendly Ghost: Peek a Boo,2003年10月7日,Anime & Manga,Izzy Sparber,Frank Gallop,,DVD,5
B0000DINMI,Ska Explosion [DVD],2004年1月13日,,,Various Artists,,DVD,
B0000E3J8Z,The Reconciliation Walk: From Europe To Jerusalem: Defusing the Bitter Legacy of the Crusades [VHS],1999年5月1日,,"Green, C. Lynn","Green, Lynn",,VHS,
B0000E6FRF,Willy Wonka and the Chocolate Factory/The Incredible Mr. Limpet,2003年11月18日,,,,,DVD,
B0000EMYMH,Last Ride of Dalton Gang [VHS],2005年1月25日,Drama,Dan Curtis,"Cliff Potts, Randy Quaid, Larry Wilcox, Sharon Farrell, Matt Clark",,VHS,
B0000TG9Q0,Scorcher [VHS],2004年2月3日,,,,,VHS,
B0000TG9TC,Cool & The Crazy [VHS],2004年2月3日,,Ralph Bakshi,"Jennifer Blanc, Matthew Flint, Jared Leto, Alicia Silverstone, Bradford Tatum",,VHS,
B0000TPAJ2,Dust To Dust [VHS],2004年2月3日,,Juan Carlos de Llaca,"Osvaldo Benavides, Rodrigo Cachero, Ana de la Reguera, Otto Sirgo (II), Rosa María Bianchi",,VHS,
B0000UX4VW,Applause [VHS],2003年11月25日,,Rouben Mamoulian,"Helen Morgan, Joan Peers, Fuller Mellish Jr., Jack Cameron, Henry Wadsworth",,VHS,
B0000UYYD4,"Penjak Silat - Serak Vol. 1 - History, Stick Fighting, Long Forms, Stretching, Empty Hand Fighting, Coconut and Bat Breaking [VHS]",1987年1月1日,,,"Inosanto, Guru Tuan Dan, deThouars, Pendekar Paul, Thouars, Guru Julie de, Vanatta, Guru Bob, deThouars, Maha Guru Victor",,VHS,
B0000V8FB0,Mutant X - Season 1 7,2003年12月9日,,"Alan Goluboff, Andrew Potter, Brad Turner, Bruce Pittman, Graeme Campbell","John Shea, Victoria Pratt, Victor Webster, Forbes March, Lauren Lee Smith",,DVD,
B0000V8I08,Adventures in Fingerstyle Guitar: The Techniques and Arrangements of Muriel Anderson [VHS],1997年7月1日,Action & Adventure,"Traum, Happy","Anderson, Muriel",,VHS,
B0000VV44K,Ilona Arrives With the Rain (Sub) [VHS],2003年12月16日,,Sergio Cabrera,"Margarita Rosa de Francisco, Imanol Arias, Pastora Vega, Humberto Dorado, José Luis Borau",,VHS,
B0000ZG09K,Yu-Gi-Oh: Master of Magicians - Season 2 V.4 VHS,2004年4月6日,,Kunihisa Sugishima,"Dan Green, Julian Adler, J. David Brimmer, Amy Birnbaum, Madeleine Blaustein",,VHS,
B0000ZMGXY,Samurai Bells of Death [DVD],2003年12月16日,,Hsueh Li Pao,"Wai-Man Chan, Mu Chuan Chen, Tung Mei Chin, Mien Fang, Chiang Kao",,DVD,
B00011V8FE,Harlequin Romance Series: Another Woman VHS,2003年12月16日,,Alan Smythe,"Justine Bateman, Peter Outerbridge, James Purcell, Kenneth Welsh, Amy Stewart",,VHS,
B00011ZBIY,The Best Collection: Best of the 50s [DVD],2003年12月2日,,"Alfred Hitchcock, John Ford, Nicholas Ray","Cary Grant, Eva Marie Saint, John Wayne, Jeffrey Hunter, James Dean",,DVD,
B00013D5AI,Groove Movies by Atmozpheres [DVD],2003年12月9日,,,,,DVD,
B00013F394,NBA Street Series - Ankle Breakers [DVD],,,,,,,4.4
B00014NEBM,Sweet Addition Cooking Series Set 6 pk,2010年6月8日,,,,,DVD,
B00014NFES,Hulk/Jurassic Park 3 2PK,2004年1月6日,,,Artist Not Provided,,DVD,
B000196DOM,Mivtsa Yonatan [VHS],,,Menahem Golan,"Yehoram Gaon, Gila Almagor, Assi Dayan, Klaus Kinski, Sybil Danning",,VHS,
B00019GI2Y,The Great American Western Vol. 1-10 (44 Movies) [DVD],2004年3月30日,Westerns,,"John Wayne, Roy Rogers, Gene Autry, Randolph Scott, Lee Van Cleef",,DVD,
B0001A79M6,Cuban Hip Hop All Stars [DVD],2004年2月24日,Performance,,"Alafia, Joshua Bee",,DVD,
B0001AF39C,Clonus [VHS],,,Robert S. Fiveson,"Peter Graves, Rick DiAngelo, Eugene Robert Glazer, Eileen Dietz, Paulette Breen",,VHS,
B0001B3YWO,The Mummy Returns VHS,,,Stephen Sommers,"Brendan Fraser, Rachel Weisz, John Hannah, Arnold Vosloo, Oded Fehr",,VHS,
B0001DHSC4,"Midsomer Murders, Set Three [VHS]",2004年4月27日,Mystery & Thrillers,,"John Nettles, Jane Wymark, Barry Jackson, Jason Hughes, Laura Howard",,VHS,
B0001DHSDI,Leslie Sansone - You Can Do Yoga [VHS],2004年4月20日,Exercise_&_fitness_-_yoga,,"Sansone, Leslie",,VHS,
B0001EQHY8,Little League Play Ball! Training Pack,,,,,,,3.6
B0001FSLBE,Action Movie Legends [DVD],2004年12月7日,,,,,DVD,
B0001GOHFM,Gene Autry,2004年2月24日,,,,,DVD,
B0001H0A7A,Boudu Saved From Drowning (1932) [VHS],2002年11月1日,Military & War,Jean Renoir,"Michel Simon, Marcelle Hainia, Sévérine Lerczinska, Jean Gehret, Max Dalban",,VHS,
B0001KL4TU,Ninja in a Deadly Trap/Ninja vs. Bruce Lee,2004年4月20日,,,,,DVD,
B0001LQL56,Fight for Your Life: Dr. Bernie Siegel on Surviving Cancer,2010年4月6日,,David Hoffman,"Siegal, Dr. Bernie",,DVD,2.8
B0001MMFTG,Street Fighter's Last Revenge,2004年3月9日,,,,,DVD,
B0001NJ9MQ,"Salsa Dancing - Hand Shines, Vol. 1",2003年11月1日,Special Interests,Al Espinoza,Edie Espinoza,,DVD,
B0001O24JU,Philadelphia Experiment: Has Time Travel Been Discovered? [VHS],2001年5月21日,,"Priest, David",,,VHS,
B0001OKZWI,Seaching for Wooden Watermelons [VHS],2004年5月28日,,Bryan Goldsworthy,"Chad Safar, Wendy English, Dixie Tucker, Scott Rudolph (II), Victoria Anne LeBlanc",,VHS,
B0001P1I6O,Understanding Personality Disorders DVD,2004年1月12日,,,,,DVD,
B0001WTUVM,Posers [VHS],2004年3月30日,,,"Jessica Pare, Adam Beach",,VHS,
B0001Y4JMA,En Concierto,2004年4月20日,"Latin Music / Latin Pop, Tranzas En Concierto",,Tranzas,,DVD,
B0001Y4LNC,Archie Show [VHS],2004年3月23日,,Hal Sutherland,"John Erwin, Dal McKennon, Howard Morris, Jane Webb, Ron Dante",,VHS,
B0001Z48NO,Harlequin Romance Series: Awakening VHS,2004年5月18日,,George Bloomfield,"Cynthia Geary, David Beecroft, Sheila McCarthy, Maurice Godin, David Ferry",,VHS,
B00020HAFG,Crazy Crafts - Fairy Tales,2004年4月27日,,,,,DVD,
B00020W0WE,The Foundation - The NBA 2004 All-Stars,,Westerns,,,,,4.3
B00023B1DA,Haz Conmigo Lo Que Quieras [VHS],2004年6月22日,,,"Barbero, Chusa, Cardiello, Cecilia, Cumellas, Jordi, Elías, Carmen, Flavià, Carles",,VHS,
B0002B552A,The Red Skelton Show,,,,"Red Skelton, Mel Blanc, Johnny Carson, Benny Rubin",,DVD,
B0002B5584,Family Classics 5 - Movie Pack,,,,,,DVD,
B0002B558O,Family Classics Multi Movie Pack Vol 7,,,,,,DVD,
B0002CHJKA,Songs of the Spirit [VHS],2004年8月17日,,,Gregorian Chant,,VHS,
B0002DB518,Deadly Execution 4 Movie Pack,2004年7月13日,,,"Richard Widmark, Terence Stamp, Jason Robards Jr., Oliver Reed, Donald Pleasence",,DVD,
B0002IQBNK,Kaze No Yojimbo - Tip of the Iceberg (Vol. 3) [DVD],2004年8月10日,,,,,DVD,
B0002IQILA,Smoking Room VHS,2004年9月21日,,,,,VHS,
B0002JE960,Don't Miss the Boat VHS,2004年11月16日,,,Roach Approach,,VHS,
B0002KPI6O,American Beer [VHS],2004年9月28日,,,,,VHS,
B0002KPIS2,Teen Titans - Divide and Conquer [VHS],2004年9月28日,,,"Hynden Walch, Scott Menville, Greg Cipes, Khary Payton, Tara Strong",,VHS,
B0002M5U5G,Funny Guys 10 Movie Pack [DVD],2004年8月24日,"Musicals, Comedy","John Ford, Preston Sturges, Jean Yarbrough, Bud Pollard","Buster Keaton, W.C. Fields, Bud Abbott, Lou Costello, Harold Lloyd",,DVD,
B0002MHEKK,Ahi Esta El Detalle [VHS],2004年10月26日,,,,,VHS,
B0002NY7TK,Vassily Buslayev,2004年9月21日,"Documentary, Music Videos & Concerts",Gennadiy Vasilyev,"Dmitry Zolotukhin, Irina Alferova, Mikhail Kokshenov, Dmitriy Orlovsky, Natalya Krachkovskaya",,DVD,
B0002VEOSQ,Living Legends Gospel 1 : The Quartets [VHS],2004年10月12日,,,,,VHS,
B0002W1IES,Waters Of The Wilderness - The Sights and Sounds of Canoe Country VHS,2004年7月20日,,"Hargis, Dave",,,VHS,
B0002ZQ002,Beyond The Fringe (Documentary),,,Roger Graef,"Dudley Moore, John Cleese, Michael Palin, Graham Chapman, Carol Cleveland",,VHS,
B00030BAZ6,Pride & Prejudice [VHS],2004年11月16日,,,,,VHS,
B00062IVEO,321 Penguins:Moon Menace on Planet T [VHS],2004年8月24日,,,Veggie Tales,,VHS,
B00062IWNY,椅子跳舞健身? Through The Decades?,,"Exercise & Fitness, Music Videos & Concerts, Special Interests",,,,,4.3
B00062IXGA,"One Step Beyond, Vol. 1 and 2",2004年12月7日,,,,,DVD,
B00064ALIG,椅子瑜伽: 从舒适的椅子上拉伸和放松,,,,,,,4.4
B0006619SK,CIA 2404?STEP TILL YOU 下垂2?DVD,,,,,,,2.6
B00066FBXE,Family 10 Pack,2004年11月2日,,,,,DVD,
B0006AZ5WC,How to Paint a Portrait in Oil DVD,2004年8月6日,,,,,DVD,
B0006B47XE,Dropping in on Picasso VHS,2004年9月20日,,Tom and Loretta Hubbard,Animated Film,,VHS,
B0006FKL4Y,Hitting.com Hitting For Excellence DVD Set,,,,,,,5
B0006FYORO,Mr & Mrs North - 4 Episodes,2004年1月1日,,,,,DVD,
B0006GC3MQ,STOTT PILATES 健身乐趣:儿童普拉提,,,,,,,3
B0006Q93DS,"NBA Street Series - Ankle Breakers, Vol. 2",,,,,,,4
B0006SSSY6,Dead or Alive,2005年1月25日,Westerns,Elmer Clifton,"Ray Bennett, Budd Buster, Reed Howes, Ted Mapes, Bud Osborne",,DVD,
B0006VSKU0,Edi,,,,,,,5
B0006Z2LJW,,,,,,,,
B0007727SY,E1 ENTERTAINMENT Rat Pack Sings,,,,,,,3.9
B000784XIK,,,,,,,,
B0007GP750,Animal Jam:Hug a Day [VHS],2005年5月24日,,,"Boyd,Rickey",,VHS,
B0007LFPNO,Team Marketing Indy 500:Legacy Series,,Sports,,,,,4.6
B0007MTWN2,Okinawan Goju Ryu by Teru Chinen Volume 2,2005年1月1日,,,,,DVD,
B0007OP1M6,Roaring Six Guns,2005年3月29日,Westerns,J. P. McGowen,Hoot Gibson,,DVD,
B0007OP26G,Old Skool Killaz: Secret of the Dragon [DVD],2005年3月8日,,,,,DVD,
B0007QC8U2,Stretching and Breathing,2005年2月1日,,"Saladino, Mr. Joseph",,,DVD,
B0007QC8UM,Rolls and Falls,2005年2月1日,,"Saladino, Mr. Joseph",,,DVD,
B0007QC8V6,Blocks and Stances,2005年2月1日,,"Saladino, Mr. Joseph",,,DVD,
B0007QC8VG,Blocks and Stances (Self Defense and Martial Arts Inc. Series),2020年2月22日,,Joseph Saladino,,,DVD,
B0007QC8WK,Strikes and Kicks Part 2 (Self Defense and Martial Arts Inc. Series),2020年2月22日,,Mr. Joseph Saladino,various,,DVD,
B0007QC8Y8,Katas and Applications (Self Defense and Martial Arts Inc. Series),2020年2月22日,,Mr. Joseph Saladino,various,,DVD,
B0007QC8ZW,Escapes and Counters (Self Defense and Martial Arts Inc. Series),2020年2月22日,,Mr. Joseph Saladino,various,,DVD,
B0007QC91K,SDI Interview and Philosophy (Self Defense and Martial Arts Inc. Series),2005年2月1日,,Mr. Joseph Saladino,various,,DVD,
B0007R4TMG,No Rest For The Brave,2005年4月19日,,,"?Thomas Suire,?Laurent Soffiati,?Thomas Blanchard",,DVD,
B0007R6KPK,Work & the Story [VHS],2005年1月25日,,,,,VHS,
B0007TKGLC,Two Wondrous Tigers [DVD],2005年4月5日,"Comedy, Action & Adventure",Wilson Tong,John Chang,,DVD,
B0007VW2AS,Art on a Shoestring : Create Amazing Art on a Budget!,2005年3月11日,,"Salvatori, Jamie",,,DVD,
B0007WFXYE,Patrick Ewing - Standing Tall (NBA Hardwood Classics),,,,,,,4.5
B0007WFXZ8,Hakeem Olajuwon - Hakeem the Dream (NBA Hardwood Classics) [DVD],,Sports,,,,,4.6
B0007XG5OU,Peter Pan,,Kids & Family,,,,,5
B0007Z9QTY,Boutique,2005年5月24日,Drama,Hamid Nematollah,"Mohammad Reza Golzar, Golshifteh Farahani, Reza Rooygari, Ali Alaei, Hamed Behdad",,DVD,
B0007ZA5DU,cathe friedrich ' s 高级培训 DVD,,,,,,,4.7
B0007ZA5EE,"Cathe Friedrich Body Blast Kickboxing Kick, Punch & Crunch and Legs & Glutes Workout DVD - Two Workouts on One DVD",,,,,,,4.6
B00080ZG8I,WILDEST CRAZIEST PARTIES & EVENTS,2005年3月29日,,,,,DVD,
B00080ZGCE,My Scene Goes Hollywood [VHS],2005年8月30日,,,Barbie,,VHS,
B000812R20,cathe friedrich ' s INTENSITY 系列：金字塔上部 & 金字塔下身体 DVD,,,,,,,4.4
B00083G3SC,Dobara,,,,,,DVD,
B00092997Y,The Wedding Singer (Mini DVD),2005年4月26日,,,,,Mini-Disc,
B00094ARWS,The Crucifier,2005年5月10日,,Bill Zebub,"Rocco Martone, Elena Kagan, Rachel DeGenaro, Ryan Miller (VII), Kerri Taylor",,DVD,
B00094AS9K,Dragon Lord,2003年11月4日,,,,,DVD,
B0009F2BJE,Duel Masters-Go Ahead Make My Duel Nla [VHS],2005年6月28日,,,,,VHS,
B0009IWGAA,E1 ENTERTAINMENT Richard Thompson: Live in Providence,,Music Videos & Concerts,,,,,5
B0009KQOAQ,Galerians: Rion,2005年6月28日,,,,,UMD for PSP,
B0009O9SCS,"The Adventures of Sherlock Holmes, Vol. 1",2006年8月29日,Action & Adventure,,"Ronald Howard, Howard Marion-Crawford, Archie Duncan, Richard Larke, Eugene Deckers",,DVD,
B0009P42VO,Not Another Teen Movie (Unrated Extended Director's Cut),,,,,,,4
B0009PV442,Red Fury,2009年2月3日,Kids & Family,Lyman Dayton,Wendy Lynne,,DVD,
B0009S4IRY,TV Guide: The 50's Greatest Adventures Show,,Action & Adventure,,,,DVD,
B0009U6XA2,Roach Approach-Dont Miss the Boat [VHS],2006年3月21日,Kids & Family,Vincent Scarza,"Jo Anne Worley, Joanna Pang",,VHS,
B0009UZGJ6,Cell-Phone-Cables-0919 平板电脑保护套,2005年6月21日,,,Gorelord/Wurdulak,,DVD,
B0009VI6W4,cathe friedrich ' s POWER hour + MIS & 身体》 DVD,,,,,,,4.5
B0009VYXSU,Soccer Poker,2010年1月19日,"Drama, Comedy, Action & Adventure","Zaorski, Janusz",,,DVD,
B0009W7SMM,The Risk is Yours -- Rob swoje ryzyko jest twoje,1998年12月31日,Fantasy,Marian Terlecki,"Olaf Lubaszenko, Anna Przybylska, Michal Milowicz",,DVD,
B0009WJ6U4,Operation Simoom,2010年1月19日,Drama,"Pasikowski, Wladyslaw",,,DVD,
B0009WSV6Y,THE 书盒套装教学 wakeboard DVD,,,,,,,4
B0009XAWDI,Deserter's Gold,2007年7月24日,International,Janusz Majewski,"Marek Kondrat, Boguslaw Linda, Katarzyna Figura, Wiktor Zborowski",,DVD,
B0009XN59G,Nothing Funny,2007年7月24日,International,Marek Koterski,Cezary Pazura,,DVD,
B000A0D1LK,Prevention Express Workout-Belly Butt & Thighs [VHS],2005年9月6日,,,,,VHS,
B000A298Y2,Dallas 362,2007年4月23日,,,,,DVD,
B000A2GF8E,"Standard Deviants School - Astronomy, Program 5 - The Solar System [DVD]",2008年9月16日,,,Standard Deviants School,,DVD,
B000A2GVAG,E1 ENTERTAINMENT Usher,,,,,,,3
B000A2N5WS,kirango,,,,,,,
B000A2R4XE,Angel in Crakow / Aniol w krakowie,2000年1月1日,Comedy,"Artur 'Baron' Wi&#281, cek","Krzysztof Globisz, Ewa Kaim, Jerzy Trela",,DVD,
B000A2W7FE,Hell Town,2003年10月21日,,,,,DVD,
B000A2WCA4,18 Ways to Make a Baby (NOVA) [VHS],2003年1月10日,,Peter Williams,"Nova, David Ogden Stiers",,VHS,
B000A2X9A6,Caillou - Caillou's Family Fun [VHS],2005年8月23日,Kids & Family,,"Bryn McAuley, Jaclyn Linetsky, Jennifer Seguin, Pat Fry, Brigid Tierney",,VHS,
B000A59PVA,"Great American Western V.36, The",2005年8月23日,Westerns,,"Roy Rogers, Gabby Hayes, Duncan Renaldo",,DVD,
B000A59QDC,Nikaah,2005年7月5日,,,"Babbar,Raj",,DVD,
B000A9QKX2,Power Systems ABC 锻炼神奇球编舞,,,,,,,3.8
B000AA4GBE,Murder,2005年9月20日,,,,,DVD,
B000AASLWO,Haz conmigo lo que quieras,,Drama,Ramón De Espa?a,"Ingrid Rubio, Alberto San Juan, Emilio Gutiérrez Caba, Manuel Manqui?a, Chusa Barbero",,DVD,
B000AB0Z7C,His First Flame,2015年11月28日,,,Harry Langdon,,DVD,
B000AE8KSK,Heat,,,,,,DVD,
B000AMPZ76,Swing Years: Sweet Lorraine,2005年8月16日,,,,,DVD,
B000AO8U26,"Lobos de Washington, Los",,,Mariano Barroso,"Javier Bardem, Eduard Fernández, José Sancho, Ernesto Alterio, Alberto San Juan",,DVD,
B000AP04XI,Savage Justice,2005年8月4日,,,,,DVD,
B000AP31OC,Acts: Jesus the Christ,2005年9月27日,,Regardt van den Bergh,"Henry O. Arnold, James Brolin, Dean Jones, Bruce Marchiano, Simone Newman",,DVD,
B000ARXGBI,Animal Jam:Shake a Leg [VHS],2006年1月3日,,,"Boyd,Rickey",,VHS,
B000B8YE8A,cathe friedrich ' s 核心系列3?DVD 套装健身风格 legs 健身房风格胸 / triceps 健身房风格后 / 双肩 / biceps,,,,,,,4.5
B000BB1MK0,Honor & Courage - Tough Guys of the NHL,,,,,,,4.4
B000BCE85K,Lennon: Beyond Warped Live Music Series (2005),2006年8月15日,Music Videos & Concerts,,Lennon,,DVD,
B000BCID9C,Cousteau - Alaska: Outrage at Valdez [VHS],,,,"Jean-Michel Cousteau, Jacques-Yves Cousteau",,VHS,
B000BGPL3E,SIX DAYS OF OSTRICH -- 6 dni strusta,2000年1月1日,,J. Jamodja,"A. Wojck, P. Durska-Mruk, M. Frankowski, W. Medynski",,DVD,
B000BGQS2M,Loose at the Moose,2005年10月11日,,,Submachine,,DVD,
B000BH2WF8,Edge Throwback T-Shirt,,Sports,,,,,4.4
B000BI5KWY,El Bruto,2005年9月20日,,Juan Manuel Romero,"Joel Navarro, Agustin Bernal, Gabriela del Valle, Amador Granados",,DVD,
B000BI5L2I,Como Perros Y Gatos,,"Romance, Action & Adventure",,,,,5
B000BITU8Y,Teletubbies:Look [VHS],2004年8月3日,,,Teletubbies,,VHS,
B000BJA8Z2,SPIZZENERGI - WHERE'S CAPTAINKIRK: SPIZZENERGI LIVE,2005年12月27日,,,SPIZZENERGI,,DVD,
B000BK9690,VICTOR borge THEN 和 NOW?C?特别版,,,,,,,5
B000BKLB8E,SUPERPRODUCTION,2004年1月1日,,J. Machulski,"R. Krolikowski, P. Fronczewski, J. Rewinski, A. Przybylska",,DVD,
B000BKXA4C,Kidnapped [VHS],2005年12月6日,"Romance, Action & Adventure",,,,VHS,
B000BO9I0S,"ICON MEN: Rusty Jeffers - Arms, Chest, Shoulders",,,,,,,4
B000BTGXYC,Country Queens,,Music Videos & Concerts,,,,,3.3
B000BUFCLQ,Slavonic Dances Ops 46 & 72,2005年11月29日,,,"Dvorak, Cpo, Talich",,DVD,
B000C6NPH2,DJ Drama: Respect the Game,2005年12月13日,Drama,,,,DVD,
B000CBEX1E,"Life with Elizabeth, Vol. 1 [DVD]",2006年8月29日,,,"Moore, Del",,DVD,
B000CBWPWS,Playing The Ten-String Guitar: An Approach Guide For Guitarists DVD,2004年9月1日,,"Janet Marlow Instructor on the ten-string guitar, Janet Marlow","Janet Marlow Instructor on the ten-string guitar, Janet Marlow, Marlow, Janet, guitar, Janet Marlow Instructor on the ten-string",,DVD,
B000CEXG82,Eight Witnesses,2006年1月31日,Mystery & Suspense,,"Peggy Ann Garner, Dennis Price",,DVD,
B000CGXF9K,Film Star,2007年7月17日,,Tanuja Chandra,"Vasundhara Das, Mahima Chaudhry, Priyanshu Chatterjee, Aryan Vaid",,DVD,
B000CJ28W2,Death of a Ninja,,,,,,DVD,
B000CNEEMK,STOTT PILATES 健身球锻炼,,,,,,,4.7
B000CQQI8A,Lost Embrace [VHS],2006年2月14日,,,,,VHS,
B000CRFRVS,Kendo Principles I - Basics DVD,,,,,,,3.8
B000CSTKP6,Behind Enemy Lines 4 Movie Pack,2006年3月21日,,,"Lee Van Cleef, Fred Williamson, David Janssen, Jack Clark, Helmut Schmid",,DVD,
B000DZ7XWA,THE U: UNCUT - College Tour DVD (The West),2005年12月15日,,Doug Imbruce,The WB Stars,,DVD,
B000DZE3QE,Muchachos Los Chlopacos,2003年10月22日,Comedy,"Wojcik, Wojciech",,,DVD,
B000DZE4DG,Tam i z Powrotem NTSC "There and Forth",2003年10月22日,"Drama, Action & Adventure",Wojcik Wojciech,"Janusz Gajos, Olaf Lubaszenko, Miroslaw Baka, Krzysztof Kolbasiuk, Jan Frycz",,DVD,
B000E5N6MU,Greatest NBA Finals Moments (NBA Hardwood Classics) [DVD],,,,,,,4.4
B000E5N6NE,Michael Jordan - Above and Beyond (NBA Hardwood Classics) [DVD],,,,,,,4.6
B000E6GDX8,Inshore Sportfishing for Redfish,2007年1月1日,Special Interests,,,,DVD,
B000E8NRPI,Just a Little Bit Crazy [DVD],2006年2月28日,Documentary,Will Dotter,,,DVD,
B000EGEJIO,NHL Original Six Series - The New York Rangers 1994 Stanley Cup Champions [DVD],,,,,,,4.5
B000EMRT2Q,stott pilates THE Secret TO 减肥 POWER PACK,,,,,,,4
B000EOEB4I,bobby JONES " HOW I PLAY 高尔夫?C?( 3?) DVD set each,,,,,,,3.2
B000EOH3S4,美国简介 TKD,,,,,,,1
B000EOTK30,Richard Gilewitz: All-Time Fingerpicking Tunes,2010年11月9日,"Special Interests, Music Video & Concerts",Richard Gilewitz,Richard Gilewitz,,DVD,
B000EQ46QY,Til Death,2006年5月30日,,Jeff Williams,"Diane Gawey, David Sokol",,DVD,
B000EQ5UFA,Breaking the Da Vinci Code/Last Supper Artifacts,2006年5月2日,"Kids & Family, Drama",David Priest,,,DVD,
B000EVH4EU,,,,,,,,4
B000EXDPWI,Penguins' Walk,2006年5月29日,Special Interests/Travel,,Documentation,,DVD,
B000F45OKW,mindy mylrea ' s 超周期 ( 室内骑行 DVD ),,,,,,,3
B000F6ZC1Q,Invest Rep:young Models:grow,2005年8月1日,Drama,,,,DVD,
B000F9T728,"""Hip Hop: Backstage Pass"" featuring JA RULE, IRV GOTTI, BLACK CHILD>>>>",2006年8月8日,"Rap & Hip-Hop / Experimental Rap, Music Video & Concerts",,Various Artists,,DVD,
B000FA5ETC,STOTT PILATES 全身爽肤水(英语/法语),,,,,,,4
B000FDFSFY,Cruel Intentions,,,,,,,3.9
B000FFP10O,Live at Reggaecanfest,2006年4月25日,,,,,DVD,
B000FIGJ70,Super Fingerpicking Guitar Techniques,2011年4月19日,"Special Interests, Music Video & Concerts",assorted,Alan Munde,,DVD,
B000FVQLES,Terror Pack - 3 Movies [DVD],2006年8月8日,Horror,"Massimiliano Cerchi, John Specht","Robin Garrels, Solomon Cobbitt, Beverly Lynne, Jennifer Amanda Morgan, Chris Grega",,DVD,
B000GAKDPG,Soul of the Game,,Drama,,,,DVD,
B000GAKEQE,Firing Line [VHS],1998年6月23日,,,"Brown,Reb, Tweed,Sh",,VHS,
B000GAKG08,"Knauer, Sebastian: Piano",2010年9月7日,"Special Interests, Music Video & Concerts",,Sebastian Knauer,,DVD,
B000GAKG0S,"Strauss, Axel: Axel Strauss",2010年9月7日,"Special Interests, Music Video & Concerts",,Axel Strauss,,DVD,
B000GAKG1M,"McDonal, Monique: Monique McDonald",2010年9月7日,"Special Interests, Music Video & Concerts",,,,DVD,
B000GAKHIE,Una Pasion Me Domina [DVD],2006年11月9日,,Humberto Gomez Landero,"Elvira Quintana, Julio Aldama",,DVD,
B000GAKJL4,Black Action 10 Movie Pack,,,,,,DVD,
B000GAKO8M,PRODUCTION ASSOCIATES WE 标志 数字 DVD,,,,,,,3.4
B000GEAJRE,Tot-A-Doodle-Do! Transportation [DVD],2006年10月3日,,,Molly Manners,,DVD,
B000GI0PNI,Cardio STACK Core ATTACK,,,,,,,
B000GRTR42,Fright Night Classics [DVD],2006年9月5日,,,"Price, Vincent, Lugosi, Bela",,DVD,
B000H8RZW6,Understanding Melanoma (Home Use),2010年4月6日,,,,,DVD,
B000HC2LUS,The U - Uncut [DVD],2006年10月24日,,Doug Imbruce,"Brandon Caballero, Sarah Drew, Joanna Garcia, Lindsay Liles, Chris Pratt",,DVD,
B000HIVII8,Mozart Mozart and THE dolomites,,,,,,,5
B000I0QNLM,Barney: Adventure on the Bus,,,,,,,4.4
B000I0RV90,Salaam Namaste,2005年9月9日,,Siddarth Anand,"Preity Zinta, Saif Ali Khan, Arshad Varsi",,DVD,
B000I0RVUY,DULHAN WAHI JO PIYA MAN BHAAYE,2004年11月3日,,Lekh Tandon,"Prem Kishan, Rameshwari, Shyamali",,DVD,
B000I8OMDK,Story Watchers Club:Christmas,2006年9月12日,Kids & Family,,Artist Not Provided,,DVD,
B000I8OMDU,The Theory of Everything,,Kids & Family,,,,,3.9
B000IMVJCS,Behold the Man,2006年9月18日,Documentary,Michael Green,"Michael Green, Steven Notley and Jacob van Bruggen",,DVD,
B000IMVOV4,ABC News 20/20 Getting "Lost",2010年4月6日,,,,,DVD,
B000ION262,NHL - Philadelphia Flyers 10 Greatest Games Set,,,,,,,3.2
B000ITSUGY,"Japanese Prejudice, Racism & Discrimination Films",,,,Milton S. Eisenhower,,DVD,
B000J0TQZ6,太极 instruction DVD  CHEN 风格太极单剑,,,,,,,4
B000J0TS40,太极 instruction DVD  SUN 风格太极 Chuan 经典日常 ( 2?DVD ),,,,,,,3.6
B000J0XXIC,WU HAO 风格太极 Chuan instruction DVD ( 双 DVD ),,,,,,,4
B000J2DZIS,Classic Alaskan Salmon Fishing Film DVD: 1936 Travelogue Film "Alaska's Silver Millions" Which Features Alaska Salmon Fishing History and Travel in the State of Alaska,,,,,,DVD,
B000JJ4FLW,Remembering Pearl Harbor,2006年3月14日,,,,,DVD,
B000JLTSJO,"Chlorox, Ammonia and Coffee! [DVD]",2010年11月2日,"Drama, Comedy",Mona J. Hoel,"Fares Fares, Benedikte Lindbeck Denis Storh?i, Kjersti Holmen",,DVD,
B000JMK6U8,Emergency Exit [DVD],2006年12月27日,Drama,Roman Zaluski,"Bozena Dykiel, Jerzy Michotek, Maria Gladkowska, Andrzej Golejewski, Krzysztof Kowalewski",,DVD,
B000JVTTWK,spinervals 15.0?HAVE mercy?C?THE sequel DVD,,,,,,,3.4
B000K7UFZ8,Hooters: Best of Hooters [DVD],2007年1月16日,,,,,DVD,
B000K9KT9I,"Bonaire Experience: Hilma Hooker Wreck Diving, Karpata, Rappel and Nearby Dive Sites, the Salt Piers Night Dive, and Shore Diving",2006年11月2日,,"Paul G Ranky, PADI Certified Rescue Diver","Paul G Ranky, PADI Certified Rescue Diver",,DVD,
B000KBFHZ2,Amy BENTO ' s 高 / 低 Xtreme DVD,,,,,,,3
B000KBGTRC,kickbox Xtreme with AMY BENTO,,,,,,,3
B000KEJTG2,Acoustic Blues Guitar,,特殊兴趣,Acoustic Sessions Inc.,,,prime video,
B000KFWNWI,Stars of the Russian Ballet (1-2) [2 DVD Set] English Subtitles,,,,"Maya Plisetskaya, Vladimir Vasiliev, Maris Liepa, Ekaterina Maksimova, Galina Ulanova",,DVD,
B000KGH002,The Fighting Westerner / Abilene Town,2006年12月26日,Performing Arts,,*,,DVD,
B000KJU1J6,POV - 20th Anniversary Collection [DVD],2007年2月27日,,"Andy Kolker, Arthur Dong, Barbara Sonneborn, Carlos Sandoval, Catherine Tambini","Ira Wohl, Philip Wohl, Zero Mostel, Donald Aldrich, Corey Burley",,DVD,
B000KLPHPC,Mantak Chia Taoist Heritage 20 DVD Collection,2006年11月15日,,Mantak Chia,Mantak Chia,,DVD,
B000KN7C2G,Brother Against Brother: The American Civil War,2007年1月30日,,,,,DVD,
B000KWZ1P2,"Baby Looney Tunes, Vol. 3, Puddle Olympics",,"Kids & Family, Animation",,,,,4.6
B000LMPNHW,Vampire Family,2010年4月6日,,Eric Tsang,"Eric Tsang, Sandra Ng, Jimmy Lin, Athena Chu, Dicky Cheung",,DVD,
B000LQ80B4,身体香皂 ready-set-superset DVD,,,,,,,4
B000LQG1FG,"Badger Air-Brush Co BV-002 Air Brush Supplies, Factory",,,,,,,5
B000LQTCAC,Cloud Staircase~ New Released Korean Drama Boxset,,Drama,,"Han Ji-hye, Shin Dong-wook, Lim Jung-eun, Kim Jung-hyun",,,4.7
B000LT61G2,To Marry a Millionaire~ Korean Drama Boxset,,,,"Go Soo, Kim Hyun-Joo, Son Tae-Young, Yi Shang-Xuan",,,3.3
B000LV6O94,Legend of Bhagat Singh,2006年12月12日,,,"Devgan,Ajay",,DVD,
B000LXSAJE,Rocky,,,,,,DVD,
B000LXSAJO,Saat Rang Ke Sapne,2010年4月6日,,Priyadarshan,"Anupam Kher,Arvind Swamy,Farida Jalal,Govind Namdeo,Juhi Chawla,Mink",,DVD,
B000M2DMV0,Living Landscapes HD Bali (WMV-HD for Windows Media Players and PC's),2010年4月6日,,Michael Heumann-produced by HDenvironments.com,,,DVD,
B000M80NTS,THE firm jiggle 免费 buns transfirmer 2005,,,,,,,1
B000MCM4C8,"Perry Mason, Volume 3! Collector's Edition Dvd!",,,,,,DVD,
B000ME52RK,McDonalds 15 Minute Yoga Workout DVD,,,,,,,5
B000MF2PEW,How to Become a SuperStar Student: High School Series,,,,,,VHS,
B000MGV8XA,"60 Minutes - Hitler's Secret Archive (December 17, 2006)",2007年1月9日,Horror,,,,DVD,
B000MGY8QY,Stickin' Around Vol 3,,,,,,VHS,
B000MM0LPK,Multiplication Hip Hop in Concert The Movie,2007年1月16日,,David Printis,Dezmo and the L Squad,,DVD,
B000MUNYU6,Kool Street Videos,,,,"Earth, Wind & fire, Shalamar, Kool & the Gang, Rick James",,,5
B000N33OOI,"Powiedz To Gabi DVD NTSC Say It, Gabi. Region 1",2003年10月22日,Romance,,"Krzysztof Globisz, Jan Frycz, Magdalena Cielecka, Andrzej Chyra, Marta Chodorowska",,DVD,
B000N48R3U,Winning Basketball [VHS],,,,"Auerbach,Red",,VHS,
B000N5D6ZS,The Three Stooges Comedy Festival Vol. 2,,,,,,VHS,
B000NDFLXK,Behind Lacrosse: Maximum Attack with Sheehan Stanwick Burch,2007年2月14日,,Michael Ivan Schwartz,Sheehan Stanwick Burch,,DVD,
B000NHTUS8,教学战斗 & 安全信息?C?DELTA SEAL CAMP DVDs,,,,,,,2.9
B000NHZ7JO,Rapid Assult Tactics,,,,,,,5
B000NJ6FOI,"Santo Contra La Mafia Del Vicio [NTSC/Region 1 and 4 dvd. Import - Latin America] (Subtitles: English, French)",,,,"Santo, Elsa Cárdenas, Patricia Ferrer, Dagoberto Rodríguez, Mabel Luna",,,4
B000NJ6J9O,Classic RCA TV Remote Control Promotional Advertisements Films DVD,,,,,,DVD,
B000NJLXS6,Law of the 45s,2010年4月6日,Westerns,John P. McCarthy,"Guinn 'Big Boy' Williams, Al St. John",,DVD,
B000NP3ZN6,Wushu Three Section Staff,2007年2月21日,,TC Media International,Jiangsu Wushu Team,,DVD,
B000NQ6WEY,"Puerto Viejo, Costa Rica - Escape to Caribe Sur - Part 1",,,,,,DVD,
B000NWRMB0,滑翔 Gone Wild DVD ( gliding 锻炼发布2007?),,,,,,,2.6
B000NY0YI6,Thomas and Friends - Thomas' Trusty Friends (With Toy Train),,,,,,,4.9
B000O179D6,Baby Road Trip: Beach,2007年5月8日,"Kids & Family, Anime & Manga",,Baby Road Trip,,DVD,
B000O591KG,Fire in the Dark,2007年1月1日,"Kids & Family, Drama",,Fire in the Dark,,DVD,
B000O76TFY,Everyone's Hero / The Sandlot [DVD],2007年6月19日,,,,,DVD,
B000OAVMI0,spinervals strendurance 1.0?DVD?C?12周强度开发,,,,,,,
B000OCXNPS,The Tales of Hans Christian Andersen (The Emperor's New Clothes / Nightingale),2007年6月19日,Kids & Family,Michael Sporn,"Mako, June Angela, Doug Yasuda, James Yamauchi, Shinji Yoshikawa",,DVD,
B000OCY7VM,NBA: All Access,,"Special Interests, Sports",,,,,4.8
B000OFOM28,Manual Lathe Machining,2008年10月3日,,David L. Welch,Tim Griglanz,,DVD,
B000OFSIU0,"FIGHTING FOOTWORK OF KUNTAO & SILAT A Complete Guide to the Tactical Legwork of Kuntao, Silat, and Kuntao-Silat, Volume 2",,,,,,DVD,
B000OIOXFG,Solas,,,,,,DVD,
B000OIP4L8,Properties of Matter,,,,,,,1
B000OPO390,Peer Pressure,,,,,,DVD,
B000OU2A68,Aqua Teen Hunger Force: Vol 4 (Rental Ready),,,,,,,4
B000OYAT30,Hudson Music Jeff Queen - Playing With Sticks and The Next Level - Snare Drum Book and DVD Combo Pack,,,,,,,4.3
B000P0I1VU,健身必备 aerobic 舞蹈 REMIX 健身 DVD,,,,,,,3.3
B000P1DKLK,The Century That Made America Great Vol. 1:  The Eagle Soars,,,,,,VHS,
B000P1TY9M,Perry Mason -- the Collector's Edition - Volume 1,,,,"Raymond Burr, William Hopper, Barbara Hale",,DVD,
B000P6XQ3C,Body Bar Power & Grace DVD,,Exercise & Fitness,,,,,3.8
B000P7V6UG,America at a Crossroads: Operation Homecoming - Writing the Wartime Experience (Edited for TV) [DVD],2007年5月15日,,Richard E. Robbins,"Beau Bridges, Blair Underwood, Robert Duvall, Joe Haldeman, James Salter",,DVD,
B000PC72OA,Creature from The Haunted Sea (1961),2010年4月6日,,Roger Corman,"Antony Carbone, Betsy Jones-Moreland",,DVD,
B000PDZS04,Dick Tracy Meets Gruesome (1947),2010年4月6日,,John Rawlins,"Boris Karloff, Ralph Byrd",,DVD,
B000PHC95C,"""The Eye Patch Kids"" DVD For Children With Amblyopia",,,,,,DVD,
B000PU6VAS,Chaplin's Essanay Comedies Vol. 1: A Jitney Elopement (silent),1969,喜剧,Charlie Chaplin,Charlie Chaplin,,prime video,
B000QCQV46,Purple Storm,2005年12月5日,,,"Wu,Daniel",,DVD,
B000QGE838,Gaiam AUDREY 的雨/自由街上的生活 -,,,,,,,4.5
B000QGE8ME,Zinda,,,,,,DVD,
B000QJLQKI,Bombay,,,,,,DVD,
B000QQFU1C,On the Run 10 Movie Pack,2007年6月12日,Action & Adventure,,"Rutger Hauer, Jack Nicholson, Peter Weller, Mickey Rooney, John Garfield",,DVD,
B000QRIKFE,ABC News UpClose David Letterman,2009年2月13日,,,,,DVD,
B000QUU7IE,Garmin Streetpilot C580,2008年9月16日,Special Interests,,,,DVD,
B000QXCZJ0,Cyprus: South Side,2010年4月6日,,Prof. Pavlos A. Kapetanopoulos,,,DVD,
B000RF1QLU,Heavenly Mission,2007年7月24日,Action & Adventure,,,,DVD,
B000RPNJGK,The Lure of The Highlands,2007年6月7日,,Sveinn M. Sveinsson,,,DVD,
B000RPPMA6,Mind Mastery For Hitting (DVD & CD),2008年10月16日,,Aries International,Ernest Solivan,,DVD,
B000RZIH5I,"Johnny Legend's Deadly Doubles, Vol. 6: Suburbia Confidential/OfficeLove-In",2007年8月28日,Feature,A.C. Stephens,"Kathy Williams, Forman Shane, Carole Saunders, Ray Cyr, Hugh Thelman",,DVD,
B000S1KX8U,Crimes of Passion,2007年11月20日,,,,,DVD,
B000S6OKTI,STOTT PILATES 产前普拉提设备(英语/西班牙语),,,,,,,5
B000S6OKU2,STOTT PILATES 跳板间歇训练(英语/西班牙语),,,,,,,4.8
B000S8MBK6,STOTT PILATES 中级Matwork 第 3 版(6 种语言),,,,,,,4.1
B000SE6YB2,Classic Calvin Coolidge US President Film DVD: 1936 American President John Calvin Coolidge Footage Including The Presidential Inauguration of the 30th President of the United States,,,,,,DVD,
B000SQDS2I,Destination: Quebec City [DVD],2007年8月7日,,,,,DVD,
B000T3LXHW,The Barber (Next?),,,,,,DVD,
B000TAH9AA,1965 Suicide Psychology Film DVD: Vintage Suicide Prevention & Suicidal Depression Mental Health Videos w/ Information on Suicides,,,,,,DVD,
B000TAPCB8,Kirk Douglas: Signature Collection [DVD],2007年9月25日,,,"Douglas, Kirk",,DVD,
B000TGF1E0,On Tour With Neubauten.Org (W/Book) [DVD],2008年7月29日,,,Einsturzende Neubauten,,DVD,
B000TGF1EA,Einsturzende Neubauten: On Tour with neubauten.org,2007年9月18日,,,Einsturzende Neubauten,,DVD,
B000TJBNLW,Stash 31 DVD Magazine,2007年9月25日,Anime & Manga,Various Artists,,,DVD,
B000TJBNMG,Stash 32 DVD Magazine,2007年9月25日,Music Videos & Concerts,various Artists,,,DVD,
B000TKC9EQ,DAY SAILING.,2007年7月12日,,,,,DVD,
B000TLTCVS,Care Bears - Carousel of Dreams 3,2007年10月23日,,,,,DVD,
B000UE64UQ,The Pursuit of Excellence: Hair World,2007年8月7日,Special Interests,,,,DVD,
B000UE8DIW,Hands' Massage (Chinese Massage Series),2007年9月1日,,,,,DVD,
B000UGCZKW,MANIA (A.K.A. "FLESH AND FIENDS"),,,,"PETER CUSHING, DONALD PLEASENCE, GEORGE ROSE",,VHS,
B000USU8YK,Charlotte's Web (1973),2001年6月19日,,,,,DVD,
B000USU9KI,Stepford Wives*The,2004年6月14日,,,"Stepford Wives, The",,DVD,
B000USU9RQ,Patriot Games,,,,,,,4.7
B000UWQCSC,2 合 1 手机充电器电缆和充电站兼容苹果 iWatch 苹果 iWatch 系列 4/3/2/1/iPhone X Xs MAX/8 Plus/8,,,,,,,5
B000V3Z9HA,Bellydance with Fire: Stellar Body(Live Performance),2004,艺术、娱乐和文化,World Dance New York,Neon,,prime video,
B000V8J6E2,健身必备都市 bellydance 健身 DVD,,,,,,,2.7
B000V8T9SA,When Fortune Smiles (Legendary Collection Edition) DVD,,,Anthony Chan,"Stephen Chow, Sandra Ng Kwan Yue",,DVD,
B000VAHR1O,Undeniable: The Rise of Dwyane Wade [DVD],,,,,,,4.4
B000VIPYFW,Coaching Defensive Backs For Youth Football,,,,,,DVD,
B000VJFD4S,EL COMBO DE LAS ESTRELLAS 'EL MAS TROPICAL DE COLOMBIA',,,,,,DVD,
B000VS2B4O,"Relaxation, The Ocean",2007年9月6日,,Adeeb Barsoum,Music & Secenaries,,DVD,
B000W4TG2M,When Do We Eat?,,,,,,DVD,
B000WCCUW2,"Alfred's Basic Guitar Method, Book 1",2007年9月28日,Special Interests,,"Ron Manus, Morty Manus",,DVD,
B000WEPRS4,Downtown Denver: Heart of the Queen,2007年2月1日,,Havey Productions,,,DVD,
B000WMEEUS,Rosas Del Milagro,2008年1月1日,,,,,DVD,
B000WQWQ0E,Chair Tai Chi DVD,,,,,,,5
B000X2YK9M,The Wasp Woman,,,Roger Corman,Susan Cabot,,VHS,
B000X7SCX2,Mystery Liner (1934),2007年10月14日,,William Nigh,"Noah Beery, Astrid Allwyn, Edwin Maxwell, Ralph Lewis",,DVD,
B000X9NQ7M,,,,,,,,
B000X9ORIY,Samson and the 7 Miracles of the World,,,Riccardo Freda,Gordon Scott,,VHS,
B000Y11BHG,Shaam-e-gham: Classic Bollywood Sad Sunset Songs,2007年10月30日,,Various,Various,,DVD,
B000Y19E8O,"Charlie Rose - Charlie Rose Special Edition: The Candidates (November 27, 2007)",2010年4月6日,,,,,DVD,
B000Y1XRT6,Don,,,,,,DVD,
B000Y2LHU6,Evil Empire: from Blowback to Nemesis,2007年10月30日,,Jon Monday,Chalmers Johnson,,DVD,
B000Y34SN8,WWII in Color 2 Discs,2007年11月6日,,,,,DVD,
B000YQUXP2,Alaska,2010年4月6日,,,,,DVD,
B000Z4KUOC,bender 球方法 THE bender METHOD OF 普拉提,,,,,,,3.5
B000ZM1MLE,Boris Karloff Classics 3 Disc Collector's Edition,2008年2月19日,,various,Boris Karloff,,DVD,
B000ZPQIG0,STOTT PILATES Essential Pilates Edge(英语/西班牙语),,,,,,,5
B000ZPQO50,stott pilates 运动 conditioning ON THE 普拉提边缘 ( English / 西班牙语 ),,,,,,,5
B0010165O8,Bleeding Iowa,2007,悬疑，剧情片，冒险片，动作片,---,,,prime video,
B00102F5ZC,World War 2 Great Battles and Generals: Road to Victory,2008年2月19日,,Various,Various,,DVD,
B0010CJE3G,An Interview with Dick Becker,2007年6月1日,Military & War,Joe Keenan & Joe Stamm,Dick Becker,,DVD,
B0010S9CGO,"Country Style Season, Season 2",2008年2月5日,Country,,,,DVD,
B0010X5J7A,Forever Tango,,Music Videos & Concerts,,,,,4.1
B0010XI652,Indianapolis 500 (The 70's A decade Of Legends) Collectors Edition,2005年8月22日,,*,"Foyt Jr., Donohue, Unser, Johncock, Mears",,DVD,
B0010XW9KU,"Classic Film Mysteries, Vol. 3 (Doomed to Die, Great Flamarion, Prison Shadows, The Secret Weapon)",2010年4月6日,Mystery & Thrillers,,,,DVD,
B00112OC6E,A TRIBUTE TO DICK SMITH,2010年4月6日,,Scott Essman,"Dick Smith, Rick Baker, Craig Reardon, Kevin Haney",,DVD,
B0011ZZQGQ,L'Odyssée de la survie (Narration par Robert Lepage) - A Space Viz Production,2021年3月7日,Science Fiction,Space Viz Productions,"Sir Arthur C. Clarke, Buzz Aldrin, Gerald Soffen, Tobias Owen, Narration par Robert Lepage.",,DVD,
B0012BUWT0,"Classic Film Mysteries #5 (Discarded Lovers, Guns Don't Argue, Mystery of Mr Wong, Study in Scarlet)",2020年5月29日,Mystery & Thrillers,,,,DVD,
B0012BY8I6,1987 NCAA(r) Division I Men's Basketball Regionals - UNLV vs. Iowa,2010年4月7日,,,,,DVD,
B0012EM5FQ,Bleach V09-Entry,,,,,,DVD,
B0012J33OS,P90X Plus:4 张 DVD 的 P90X 5 级新极限锻炼的下一级,,,,,,,4.4
B0012S9BTK,Interrogation,2010年4月7日,,Chris Alexander,"Colin Mitchell, Robert Beckwith, Terrence Flack",,DVD,
B0012SY0AA,Flipping Out,2008年3月18日,,"J.D. Williams, Kevin Clark","J.D. Williams, Jason Williams, Michael Payton, Stacy Ann Rose, Jesus Gonzales",,DVD,
B001348NM4,Went the Day Well? (1942),1944,悬疑，军事与战争，剧情片,---,,,prime video,
B00134C2YE,Went the Day Well? (1942),1944,悬疑，军事与战争，剧情片,---,,,prime video,
B0013FGWXU,"Charlie Rose - Microsoft and Yahoo / A preview of Super Bowl XLII / Super Bowl ads(February 1, 2008)",2010年4月7日,,,,,DVD,
B0013G4CD6,身体生命的完整 DVD 系列,,,,,,,3.9
B0013JC0NW,"Thelma Todd in Classic Old Movies on DVD: Klondike DVD (1932) Also Featuring Lyle Talbot, Henry B. Walthall, Jason Robards Sr., Priscilla Dean, Tully Marshall, Pat O'Malley, Myrtle Stedman, Ethel Wales, George ""Gabby"" Hayes, and Frank Hawks.",,,Phil Rosen,Thelma Todd,,DVD,
B0013JYUL2,Coaching the Rotational Shot-Put Technique,2008年2月6日,,Robert Budke,Robert Budke,,DVD,
B0013TO73S,The Naked Monster,2008年2月11日,,,,,DVD,
B0013TPG9W,"SikhNet Inspirations - Volume 3 (Life, Family, Relationships)",2010年4月7日,Kids & Family,,,,DVD,
B0013TPGA6,SikhNet Inspirations - Volume 4 (Meditation),2010年4月7日,,,,,DVD,
B0013V4XSK,tracey staehle ' s 步行 Strong DVD,,,,,,,3
B0014FL71Q,"Morality, Divorce, and Sexual Innuendo in the 1930s Explored in Night Life in Reno DVD (1931) Starring Jameson Thomas, Dixie Lee, Pat O'Malley, and Carmelita Geraghty",,,Raymond Cannon,Jameson Thomas,,DVD,
B0014X4XKA,"Charlie Rose - Martin Rees / Dr. Stephen Hawking & Lucy Hawking (March 7, 2008)",2010年4月7日,Action & Adventure,,,,DVD,
B0015R55C0,homeless wakeboard DVD,,,,,,,4
B0015YKXSE,TURBO JAM Original Set,,,,,,,4
B0016688JM,132.5 厘米北欧步行杖 适合个人 6 英尺 2 英寸 C 6 英尺 3 英寸。 来自挪威瑞士。所有 32 种长度即将推出。终身质保。1 件不可折叠。#1 适合徒步旅行、徒步旅行、物理治疗。更安全、更轻、更强、更用户友好。 可折叠敲击 -Off Poles 来自中国。,,,,,,,4.8
B0016DQE28,Dark Harbor (La Isla de La Niebla) [PAL/REGION 2 DVD. Import-Spain],,,Adam Coleman Howard,"Alan Rickman, Polly Walker, Lewis Flagg, Norman Reedus, Janet Mecca",,DVD,
B0016PLM9G,INTERROGATION,2004,悬疑,Chris Alexander,Colin Mitchell，Robert Beckwith，Terrence Flack,,prime video,
B00171NYS6,It's Spring Sergeant,2008年6月24日,Comedy,Tadeusz Chmielewski,"Jozef Nowak, Malgorzata Pritulak, Tad Fijewski",,DVD,
B00174YB1C,"Goodbye, Mr. Chips (Full Length. Robert Donat, Greer Garson, Terry Kilburn. Original English. English & Spanish Subtitle)",,,,,,,
B0017688WS,CONGA LESSONS AT THE BAY OF PIGS. Three American filmmakers visit Cuba (with which the U.S. Government prohibits,,,Peter Melaragno,,,DVD,
B0017KY9WM,The Intruder,1933,恐怖内容,Albert Ray,George Zucco，Guinn "Big Boy" Williams，Allene Ray,Monte Blue，Lila Lee，Gwen Lee，Sidney Bracey，Doris Hill，更多…Dwight Frye，Mary Carlisle,prime video,
B00177YA24,Comedy 3-Pack [DVD],2008年5月20日,Comedy,,,,DVD,
B0017L1XOS,The Intruder,1933,恐怖内容,Albert Ray,George Zucco，Guinn "Big Boy" Williams，Allene Ray,Monte Blue，Lila Lee，Gwen Lee，Sidney Bracey，Doris Hill，更多…Dwight Frye，Mary Carlisle,prime video,
B0017QAFVK,Tropical Rain Forest,,,,,,DVD,
B0017ZT1R0,The Magic of the Rope: Instructional Jump Rope Video,,,,Buddy Lee,,VHS,
B00181OA1U,Swingdicator,,,,,,,2
B001874QMW,Mind Mastery For Weight Loss,2010年2月25日,,Aries International,Aries International,,DVD,
B00187D47A,Hong Kong Bronx,,,Billy Chung,"Jordan Chan, Wong Tak Bun, Man Chung Han",,,
B00187WY6M,Turbo JAM ： calorie-blasting 有氧运动，跆拳道， body-sculpting 健身 DVD 计划,,,,,,,4.1
B00188A7JM,September Sessions DVD Surfing Jack Johnson,2001年6月15日,,The Moonshine Conspiracy,"Shane Dorian, Kelly Slater, Rob Machado, Ross Williams, Luke Egan",,DVD,
B0018FPHNQ,Yoga for Cyclists 2 - Road Edition,,Exercise & Fitness,,,,,4.5
B0018ODXW4,Classic TV Commercials: Ones We Never Forgot,2008年7月15日,,,,,DVD,
B001962ELM,DETENTION 2012 FROM BEGINNER TO SUPER ADVANCED WAKEBOARDING INSTRUCTIONAL,,,,,,,4.7
B00198FKIY,Mind Mastery For Peace Of Mind (DVD & CD),2010年2月25日,,Aries International,Aries International,,DVD,
B0019CKF26,mindy mylrea ' s MED 球 madness DVD ( 2008?),,,,,,,4
B0019KMH24,Dogma #7: Interview (2000),,,Hyuk Byun,"Jung-Jae Lee, Eun-ha Shim, Jae-hyeon Jo, Min-jung Kweon, Jeong-hyeon Kim",,DVD,
B001A419OQ,The Erving Freeman Show Volume II,2006,喜剧,Trever Rook,Trever Rook，Jim Holmquist，Jackie Rook,Trevin Rook，Jamie Brown,prime video,
B001A47QQQ,The Erving Freeman Show Volume II,2006,喜剧,Trever Rook,Trever Rook，Jim Holmquist，Jackie Rook,Trevin Rook，Jamie Brown,prime video,
B001AD1N48,Arrest Bulldog Drummond,2010年4月7日,,Sinister Cinema,,,DVD,
B001ANUMJU,"Fiddle Masters Concert Series, Volume 1",2011年5月24日,Instruction & Study - Appreciation,various,various,,DVD,
B001AR4K8U,,,,,,,,4.6
B001AS0NU8,"Charlie Rose - Ted Koppel / Jim Courier (July 9, 2008)",2010年4月7日,,,,,DVD,
B001AS0NYO,"Charlie Rose - Robert Kagan, Stephen Sestanovich / Don Keough (August 11, 2008)",2008年8月12日,,,,,DVD,
B001AS0O8Y,"Charlie Rose - An update on the Election / Dr. Richard Steadman (October 24, 2008)",2008年11月3日,,,,,DVD,
B001AS0OF2,"Charlie Rose -""Jeff Zeleny / Jon Meacham / David Stern (December 9, 2008)",2008年12月13日,,,,,DVD,
B001AS0OKW,"Charlie Rose -A Memorial of those who died in 2008 (December 31, 2008)",2009年1月10日,,,,,DVD,
B001AS4NSQ,Charlie Rose - Francis Collins / Personal Genetics (July 29 2008),2010年4月7日,,,,,DVD,
B001AS4NTK,"Charlie Rose - Elegy / Thurgood (August 7, 2008)",2008年8月12日,,,,,DVD,
B001AWWB40,tracey staehle ' s Strike ZONE ( 发布六月2008?),,,,,,,3
B001B0H78G,"Black Pearl (10,000 A.D.: The Legend of the)",2008年9月23日,Action & Adventure,"Raul Gasteazoro, Giovanni Messner","Loukas Papas, Raul Gasteazoro, Julian Perez, Edgar Feliciano, Lilly Husbands",,DVD,
B001B2TXDG,stick-e 品牌 HOT & stick-e 嘻哈 yoga DVD,,,,,,,3
B001B3LIS8,"American Music Legends Box Set (Johnny Cash, Elvis Presley, Tony Bennett",2008年11月18日,Music Videos & Concerts,,"Elvis Presley, Johnny Cash, Tony Bennett",,DVD,
B001B6G60K,spinervals 熨斗女孩运动训练2.0?runnervals 跑步机和 irongirl DVD,,,,,,,4.5
B001BELVQG,The Wreck And Rescue Of The Schooner J.H. Hartzell,,,,Association For Great Lakes Maritime History,,VHS,
B001BKZD6E,"Old Time Comedy Classics, Volume 6",2008年9月16日,Comedy,,,,DVD,
B001BO7PMK,Kundalini Yoga:The Awakening by Donna Davidge,,,,,,,2.7
B001BQJLKC,We Cannot But Speak,2008年5月23日,,Nathaniel Darnell,Ray Comfort,,DVD,
B001BTBI7I,Unfolding Universe: Discovery Classics: Space 08,,,,,,,5
B001BUM0JC,罗马的实验室?C?VOLUME 19?C?understanding YOUR 象棋游戏与 pawn 结构象棋 DVD,,,,,,,5
B001C0I5YA,E1 ENTERTAINMENT Tangerine Dream:35TH Anniversary Concert,,Music Videos & Concerts,,,,,4.3
B001C1CPIQ,STOTT PILATES 必备和中级稳定椅 第 2 版(6 种语言),,,,,,,3.9
B001C1Q460,Christina's House,,,,,,DVD,
B001C4A23I,STOTT PILATES 男士健身器(英语/西班牙语),,,,,,,4.1
B001CDFY8M,Buff Moms,,,,,,DVD,
B001CL3IAU,"Beachbody Slim in 6 DVD 锻炼视频,易于遵循,低冲击体重训练,锻炼,包括饮食计划,健身和营养指南,Debbie Siebers,阻力带",,,,,,,4.3
B001CO42HK,Endangered Species,2008年9月16日,,,,,DVD,
B001CQ5FAQ,The Legends of Colorado,2008年9月2日,,,,,DVD,
B001D07UP4,Slaughtered,2008,恐怖内容，年轻成人观众,---,,,prime video,
B001D25LT4,"Docurama Film Festival, Vol. 5",2008年9月23日,,,,,DVD,
B001DDTDOW,Under The Phrygian Star,2008年10月28日,Drama,Jerzy Kawalerowicz,"Josef Nowak, Stanislaw Milski, Lucyna Wi",,DVD,
B001DLSE08,The Death Kiss [Grampa Munster Presents],,,,,,VHS,
B001DNQTHQ,Song for My Father,2008年3月1日,,,Horace Silver,,DVD,
B001E37QIG,spinervals 13.0?TOUGH LOVE DVD,,,,,,,4.3
B001E39SW8,spinervals 比赛系列3.0 suffer-o-rama,,,,,,,3.9
B001E4HVHG,GEORGE foreman WALK IT OFF?C?WALK 和 BOX?C?锻炼 DVD,,,,,,,4.6
B001E65A8G,凯特弗里德里希的Stretch Max [DVD],,,,,,,4.6
B001E6RF70,Andy Warhol: Made in China,2008年8月12日,,,,,DVD,
B001EA5OC4,championship productions becoming A CHAMPION swimmer  Freestyle DVD,,,,,,,5
B001EKP58M,Saving Silverman,,,,,,,5
B001ELLC8S,AWARD WINNERS OF HOLLYWOOD SCAREFEST,2008年8月21日,Horror,,,,DVD,
B001EOQBMW,Galaxy Angel Rune Vol 2,,,,,,DVD,
B001ERT52M,Black Cobra [Slim Case],2008年8月8日,,Stelvio Massi,"Fred Williamson, Eva Grimaldi, Bruno Bilotta",,DVD,
B001ESQW1I,The Black Enforcers [Slim Case],2007年7月7日,,Lee Frost,"Rod Perry, Charles Robinson, Phil Hoover",,DVD,
B001EYEHIW,,,,,,,,
B001F2U746,"Shonen Onmyouji, Vol. 4 [DVD]",2008年11月25日,,,,,DVD,
B001FQLMX2,Bilingual Baby Learn Japanese Language DVD,,,,,,,4.2
B001FQRISA,Stab in the Dark: An Interactive Murder Mystery,2008年12月9日,Mystery & Thrillers,David Landau,,,DVD,
B001FZ9974,New Year's Sacrifice (Story of a Chinese Widow) (Chinese with English Subtitle),2009年5月31日,Kids & Family,,"Bai Yang, Wei Heling",,DVD,
B001G1L3L2,Limbo,2008年12月2日,,,,,DVD,
B001G6E7RY,Kung Fu Panda - Spanish Version,2008年11月8日,,"John Stevenson, Mark Osborne","David Cross, Angelina Jolie, Ian McShane, Jackie Chan, Dustin Hoffman",,DVD,
B001G6JWTW,Crazy for Love : A Psychotic Sex Comedy : Uncut and Unrated,,,,"Karen Black, Rosanna Arquette, Lorraine Bracco, Natasha Lyonne",,,4.6
B001G8PJ7Y,Phantom Patrol,1936,西部,Charles Hutchison,Kermit Maynard，Joan Barclay,,prime video,
B001G7XTTK,subliminal 武术 mindset 系列 jeet kune DO 训练辅助器材 subliminal 音频 CD,,,,,,,2
B001GAPQ0W,K2?fatty PRO 直排轮滑,,,,,,,4.9
B001GATF7W,Historical Propaganda Vol. 1 (The Oil Industry) 2008,2008年9月1日,,Triad Productions Corporation,Various Americans,,DVD,
B001GCVJQU,ONE MAN SHOW,2008年9月23日,,Justine Visone (Live Show),Mikhail Tank,,DVD,
B001GJ4U8W,Anger,2008年12月23日,International,Marcin Ziebinski,"Artur Zmijewski, Renata Dancewicz, Arkadiusz Walkowiak, Rafal Mackowiak",,DVD,
B001GQ3EBY,"60 Minutes - The Collider September 28, 2008",2008年10月14日,,,,,DVD,
B001GWI3NW,STOTT PILATES 健身圈挑战,,,,,,,4
B001HA4878,The Painted Stallion (Serial),2008年10月28日,,"Alan James, Ray Taylor","Ray Corrigan, Hoot Gibson, LeRoy Mason, Duncan Renaldo",,DVD,
B001HX36I2,"60 Minutes - The FBI's Wise Guy (October 12, 2008)",,,,,,,3.3
B001IDZH4W,Larry Keel: Beautiful Thing,2008年10月20日,Documentary,Ryan Gielen,"Larry Keel, Jenny Keel, Mark Shimock, Vassar Clements, Tony Rice, Curtis Burch",,DVD,
B001IYNAYU,Rain (2001),2006年2月14日,,Martin Scorsese,"Melora Walters, Kris Park, Diane Ladd, Jamey Sheridan",,DVD,
B001JJWUWM,THE firm 身体多功能系统?C?Complete 身体多功能?C?锻炼 DVD,,,,,,,4.7
B001K3JS2M,Thinking About Evolution,2008年11月4日,,Asif Ahmed,"Reverie Fey, Chaka Small, Viet Hoang",,DVD,
B001KB8ZV4,I Can Be Safe! Interactive Safety DVD for Kids,,,,,,,4
B001KPKTR8,The Shirley Temple Collection [8 Classic Shorts Plus The Little Princess],,,,,,VHS,
B001LDROYU,Listen to the Man - Live,2011年3月11日,"Music Videos & Concerts, Performing Arts",,"Belafonte, Harry",,DVD,
B001LMAKE2,stott pilates-amazing 身体3?DVD 套装,,,,,,,3.7
B001M1JOI0,Frank Delima's Hawaiian Christmas Carol,,,,,,,3.8
B001M3X5H4,"THE SPIRIT MOVES: A History of Black Social Dance on Film, 1900-1986. Part 2: Savoy Ballroom of Harlem, 1950s [DVD]",2009年5月8日,Special Interests,Mura Dehn,"Al Minns, Leon James, public",,DVD,
B001MRL6GW,Tracey Staehle's Yoga Solutions DVD,,,,,,,2.5
B001N0LECE,The Legends of Mississippi,2008年12月4日,,,,,DVD,
B001NRYMIK,Bad Ghost,2008年12月12日,,Walt Hefner,"Jennifer Salmi, William Hutton, Sean Morgan, Pamela Kingsley, Edna Caldwell",,DVD,
B001NTE562,"Learn To Dance Bachata, Beginners Volume 1: A Step-By-Step Guide To Bachata Dancing",,艺术、娱乐和文化，特殊兴趣,SalsaCrazy.com,,,prime video,
B001NV7F5S,IRAQ & BEYOND,2008,纪录片，特殊兴趣,Dan Hare，David S. Dawson,,,prime video,
B001NXBZQQ,Open Road - Inside the NST,2008年12月16日,,Dennis Doornbos,,,DVD,
B001O2MWGI,chalean EXTREME DVD 锻炼,,,,,,,4.2
B001OQCDFE,yamuna 身体 ROLLING 腹部 strenthening DVD,,,,,,,2.9
B001OR8J74,Austin Powers - The Spy Who Shagged Me (Slim Case - Part Of Boxset) (Blu-ray),,,,,,DVD,
B001OWKOB8,Sew Beautiful 1995-1996 Subscriber's Video IV,,,,,,VHS,
B001P5DWNG,Call This a Cry for Help,2007,剧情片,Tyler Nisbet,Addie Richardson，Alia Fahey，Phil Stratton,Dylan Zelker，Rebecca Doyle，TJ Vazquez,prime video,
B001P5Z3NI,Walk Away THE 磅?C?3PK WALK 强力肌肉 mile ONE and 30分钟 WALK DVD ' s,,,,,,,4.6
B001P7DU9K,Rough an Ready,2009年3月24日,,,M3,,DVD,
B001PF73YU,Croatia-Istria [PAL],2009年2月3日,,,,,DVD,
B001PI97C8,Chhodon Naa Yaar,,,,"Jimmy Shergill, Kim Sharma",,DVD,
B001PIHOIM,Get Out! San Diego,2009年1月13日,,Dak Raheta,,,DVD,
B001Q3L2LQ,Who Shot President Kennedy? (Institutional: Colleges/Universities),2009年1月19日,,Robert Richter,,,DVD,
B001Q7A8JE,Families of The World - Puerto Rico,2015年11月30日,Kids & Family,Families of the World,Families of Puerto Rico,,DVD,
B001R1O18S,6ix Crabs,2009,喜剧，艺术电影院，动作片,J. Armando Moncayo,Michael Placencia，Laura Brown，Shaun Chieppo,Gina M. Allen，Alex Quattlander,prime video,
B001R1RWDO,6ix Crabs,2009,喜剧，艺术电影院，动作片,J. Armando Moncayo,Michael Placencia，Laura Brown，Shaun Chieppo,Gina M. Allen，Alex Quattlander,prime video,
B001RB6IKC,parts 系列 strictly 上部身体全身以及 glute CAMP with tracey staehle,,,,,,,4.5
B001RTKKFS,1 Se Bale 2,,,,,,DVD,
B001RUZKJI,spinervals 身体乳液 MD 3.0肩 DVD,,,,,,,4.3
B001SWW4WQ,Road to the Championship:Philadelphia,,,,,,DVD,
B001TK2A76,Madonna: Sex Bomb,2009年2月20日,Documentary,,,,DVD,
B001TOE8IQ,Goreality,2009年2月23日,,Taylor Hayden,,,DVD,
B001TPVGBC,Sun Style Baguazhang,,,,Joanna Zorya,,,3.6
B001U2GZBA,Bikini Bloodbath,2007,特殊兴趣，音乐视频和音乐会,MVD,,,prime video,
B001U2EY1I,Bikini Bloodbath,2007,特殊兴趣，音乐视频和音乐会,MVD,,,prime video,
B001U7NVUI,Action Hero Collection,2009年5月12日,,"Alex Proyas, Roland Emmerich, James Cameron","Will Smith, James Cromwell, Arnold Schwarzenegger, Dennis Quaid, Jake Gyllenhaal",,DVD,
B001UDSUWQ,Tanjore S.Kalyanaraman The Sunaadha Vinodhan A Documentary on the legend Tanjore S.Kalyanaraman,2008年9月10日,Music Videos & Concerts,Tanjore S.Kalyanaraman,Tanjore S.Kalyanaraman,,DVD,
B001UDY4QW,Building A Solar Home,2008年6月15日,,Dave Bowden,Documentary interviewees,,DVD,
B001UHI97S,Saatchyat Aat Gharat (Regional Film / Indian Cinema / Marathi DVD),2009年3月3日,,Sanjay Soorkar,"Bharati Achrekar, Rakhi Sawant, Makarand Anaspure, Suhas Joshi, Nishikant Kamat",,DVD,
B001UKZJK0,NNANAAN Headphones 1010074,,,,,,,5
B001VEDNU8,Power Repousse: Using Power Hammers and Hand Held Air Hammers (DVD),,,,,,,2
B001VLFEDU,Gaiam The Wave (by The Firm),,,,,,,3.8
B001W0Z2SM,Dubbed & Dangerous Trilogy The Ultimate Collection,,,,,,DVD,
B001YV7BGU,"Catalyst Game Labs Super Camelot,不适用",,,,,,,3.9
B0021L898Q,The Legends of Colorado,2009年3月26日,,,,,DVD,
B0021L8990,The Legends of California,2009年3月26日,,,,,DVD,
B0022LZMEE,An Evening with Dionne Warwick,2001,纪录片，特殊兴趣,Juliana Richardson,Dionne Warick,,prime video,
B0023P7ZQM,THE TOWER and DIS-APPOINTMENT: 2 Short Movies Directed by Bob Kent,2009年7月6日,,Bob Kent,"Tamara Zook, Scott Sandoe, Thia Stephan, et al.",,DVD,
B0023S4ATO,The Northern Kingdom,2009年7月21日,,Dorothy Lyman,"Richard Bekins, Kate Buddeke, Dorothy Lyman, Dey Young, Linda Powell",,DVD,
B00261S0U8,粗中号和 FINE ( DVD ),,,,,,,3.5
B0026LYLUQ,America's Living Constitution: An Oral Presentation of the Constitution and Bill of Rights,2009年6月23日,,,Dave Kuprianiak,,DVD,
B0026LYMCS,Splendid Trip // France,2018年10月29日,Special Interests,*,*,,DVD,
B0026P61DW,Diamond Daydreams 1: Complete Collection,2009年6月16日,,,Diamond Daydreams,,DVD,
B0027E02DW,Primitive Knifemaking: Woodsmaster Volume 9 (DVD),,Military & War,,Ron Hood,,,5
B0028J00M4,Bender Ball: The Bender Method of Core Training,,,,Leslee Bender,,,3.8
B0028NSECS,Happy-Go-Lucky / The Devil on Horseback,2009年5月26日,Comedy,,"Evalyn Venable, Phil Regan, Jonathon Hale,Fred Keating, Lili Damita, Del Campo",,DVD,
B0028O9TAI,Quest for Camelot [VHS],,,,,,,5
B0028O9UCA,Harry Potter & Chamber of Secrets [VHS],,,,,,,4.8
B0028O9UIY,Next Friday [VHS],,,,,,,4.8
B0028O9WZA,Crime & Punishment in Suburbia,2001年1月2日,,,,,DVD,
B0028O9XOA,Tale of Springtime,2002年3月5日,,,,,DVD,
B0028O9XR2,Aka: Cassius Clay,2002年2月5日,,,,,DVD,
B0028O9ZX4,Baxter,2005年12月13日,,,,,DVD,
B002961O7Q,Frontier Holsters with Chuck Burrows (2 DVD Set),,,,Chuck Burrows,,,4.5
B0029Z7TYE,East LA Warriors,1989,剧情片，艺术电影院，动作片,Addison Randall,Tony Bravo，Kamar De Los Reyes，Lawrence Hilton-Jacobs,Sabino Villa Lobos，Jastereo Coviare，James Dalesandro，Dianne Heyden，Dan Moreau，更多…Debra Lee Giometti，William Smith，Jack Rubio，Andy Carranza，Danny Acevedo，Joey Cuevas，Sabrina Ferrand，Marissa Wade，Tau Logo，Levi Davis，Sam Travino，Joe Hart，Tony Vallo，Bobby Nagao，Ester Bravo，Melodee Spevack，Frankie Avina，Leslie Horan,prime video,
B002AQYZVM,THE GREAT SADNESS OF ZOHARA (Home Use),2009,纪录片，特殊兴趣,Daniel Reeves,,,prime video,
B002B1TQLK,Depeche Mode: Random Access Memory,2009,纪录片，特殊兴趣,Chrome Dreams,,,prime video,
B002B230GG,Depeche Mode: Random Access Memory,2009,纪录片，特殊兴趣,Chrome Dreams,,,prime video,
B002B2FGBS,Bill Nye the Science Guy - Flowers & Plants,,,,,,,4.5
B002B2QN4C,Nia Dvd - Sanjana,,Exercise & Fitness,,Debbie Rosas,,,4.2
B002B2RAUI,Opal,,,,Debbie Rosas,,,3.4
B002BXGK62,eebee's Adventures All in a Day's Play Toy,,Action & Adventure,,,,,4.3
B002CAODZY,Superproduction,,,,,,,
B002CTSJTQ,thrillin ' drillin ' with sadie bellydance DVD,,,,,,,5
B002D4D2GK,Heaven's Gym - Courage,2009年7月7日,Exercise & Fitness,Heaven's Gym,various,,DVD,
B002DOC6EE,quick callanetics?C?HIPS & 背后?C?amazon.com 独家 DVD,,,,,,,4.4
B002DZLZEU,"Historical Disasters, Black Christmas",2008,纪录片,Steve Looker,,,prime video,
B002DZNIOU,"Historical Disasters, Black Christmas",2008,纪录片,Steve Looker,,,prime video,
B002GPTE2C,Love Is Better Than Ever (1951),,,Stanley Donen,"Ann Doran, Elizabeth Taylor, Josephine Hutchinson",,DVD,
B002HW5G6W,The Motorcross Files: Rick Johnson,2009年10月6日,Sports,"Donald P. Hoffman, Todd Huffman",Rick Johnson,,DVD,
B002HXVTEO,Gangs of the Dead,2009年9月8日,Horror/Things That Go Bump/Monsters,,"Enrique Almeida, Reggie Bannister, Stephen Basilone",,DVD,
B002I41LCC,,,,,,,,
B002I9TZ6G,STOTT PILATES Strong and Healthy Back DVD 2 DVD 套装,,,,,,,4
B002I9TZ7K,STOTT PILATES 普拉提在稳定球上 DVD 2 DVD 套装,,,,,,,4.2
B002JUP8GA,"CODE RED DVD Strangeness, The",,,,,,,3.8
B002K2UKA6,Rock Solid Abs the Firm the WAVE,,,,,,,4.6
B002KBE4JA,House Beautiful: Living With Citrus,2013年2月26日,"Television, Special Interests",,,,DVD,
B002LHOPQ0,Geu-rim-ja sal-in (Private Eye),,,Dae Min Park,"Jeong Min Hwang, Deok Hwan Ry, Dal Su Oh",,DVD,
B002LNSOWK,Nadzieja,,,Stanislaw Mucha,"Rafal Fudalej, Kamilla Baar, Wojciech Pszoniak, Zbigniew Zapasiewicz, Zbigniew Zamachowski",,DVD,
B002M4C83O,Rock You from Rio,2009年6月2日,,,Gipsy Kings,,DVD,
B002MREVCW,POPs LOCKS & shimmies 2?with sadie 和 kaya?C?肚皮舞 DVD,,,,,,,4.4
B002MTTZB2,,,,,,,,
B002MW4DDY,,,,,,,,
B002MZZTQQ,hyena of london,2009年8月27日,Horror,Sinister Cinema,,,DVD,
B002N92S4M,Weiser,,,Wojciech Marczewski,"Marek Kondrat, Krystyna Janda, Juliane Kohler, Teresa Marczewska, Zbigniew Zamachowski",,DVD,
B002NCIS2K,,,,,,,,
B002NCJAE0,Symetria,,,Konrad Niewolski,"Arkadiusz Detmer, Andrzej Chyra, Borys Szyc, Janusz Bukowski, Marcin Jedrzejewski",,DVD,
B002NDLAQ0,Palimpsest,,,Konrad Niewolski,"Andrzej Chyra, Magdalena Cielecka, Robert Gonera, Tomasz Sapryk, Arkadiusz Bazak",,DVD,
B002O055I6,"CODE RED DVD Dead Pit, The (Two DISC Version)",,,,,,,4.4
B002O14PZE,Revenge! Assassination Of Rein,,,,,,DVD,
B002OJIR28,Jeff Swenson: 20 Set-ups for Single Leg Attacks,,,,,,,4
B002ON65N2,kelly coffey-meyer ' s 30-minutes TO 健身肌肉定义 DVD,,,,,,,3.1
B002PETBFY,Mad Dogg Athletics Spinning Train and Tone DVD,,,,,,,3.3
B002PEZNNS,Spinning Workout at - Home DVD | 骑乘、耐力、心脏赛车、旅游等,,,,,,,4.1
B002PFON92,P90?X 间隔 X PLUS 和 ABS / Core PLUS,,,,,,,3.3
B002Q03LDK,Grapes On A Vine,2010年1月19日,,,Grapes on a Vine,,DVD,
B002Q83ZQU,30 Rock: Seasons 1 & 2,,,,,,DVD,
B002Q9VPFC,Harry Potter Dvd Game: Wizarding World,,,,,,,4.1
B002QJ5XKK,GoFit Yogaletics 力量锻炼,,,,,,,2.4
B002RFX9RM,Written By [Blu-ray],2009年11月17日,Mystery & Thrillers,Wai Ka-fai,"Lau Ching-Wan, Kelly Lin, Mia Yan",,蓝光光碟,
B002RJPS4A,"The Dragon, The Odds [VHS]",,,,,,VHS,
B002UJ2PKW,Freudian Eyebrow,,悬疑，喜剧,Dr. Stephen Mouton,Gregory Blair，Crystal Young，Christina July Kim,Daniel Fanaberia，Adrianne Marquand，Ashley Marquand，George Hawkins,prime video,
B002UNMWOW,The Lowborn,2009年10月28日,,,,,DVD,
B002UQ53JA,Stamina 2级集成 aeropilates DVD,,,,,,,4
B002UVFX54,Hoopnotica 呼啦圈舞：中级 3 级,,,,,,,4.4
B002UX8MR8,Caravan/Prague,2007,纪录片，特殊兴趣,Zack Winestine,,,prime video,
B002V8RCLE,American Loggers (2 DVD Set),,,,,,,4.3
B002VFA0DO,P90?X peak 结果包 Tony horton ' s 90?EXTREME 家庭健身终极结果包 DVD 计划,,,,,,,4.3
B002VKLQ1Y,Cafetec 屏幕保护器充电线缆,,,,,,,5
B002W526YY,Petla,,,Wojciech Has,"Gustaw Holoubek, Aleksandra Slaska, Teresa Szmigielowna, Tadeusz Fijewski, Stanislaw Milski",,DVD,
B002W650GO,Cities of the World - Tunisia,2009年11月10日,,,,,DVD,
B002WTULS8,ATN thor336?C?3?C?12?X 30?HZ 17?Micron 夜视范围30?mm,,,,,,,3.2
B002YD8FVM,Successful Strategies for Secondary Teachers,2009年12月1日,,,"Jill Sitnick, Carl Grecco, Tina Tesno, Lauren Eby",,DVD,
B002YQYNYM,普拉提 springboard ( TM ) 带 ELLIE HERMAN DVD,,,,,,,3.8
B002Z9QDFA,yamuna 身体 ROLLING save YOUR HIPS DVD,,,,,,,4.5
B002ZIORWC,Photoshop Video Tutorial,,艺术电影院，特殊兴趣,Viitrio,,,prime video,
B002ZIR2N8,Photoshop Video Tutorial,,艺术电影院，特殊兴趣,Viitrio,,,prime video,
B002ZJG1HU,The Raven / Ghosts (Double Feature),2011年6月21日,Classics/Silent Films,"Charles Brabin, John Emerson, George Nichols","Henry B. Walthall, Eleanor Thompson, Mary Alden, Ernest Maupain",,DVD,
B002ZNJOV6,Women in the Spirit of Martial Arts,2009年12月3日,,Uwe Blesching,,,DVD-R,
B002ZOMTRG,"So Darling, So Deadly",2009,冒险片，动作片,Sinister Cinema,,,prime video,
B002ZRQSWK,A Look Inside Sakura-Con,2009年12月4日,,,,,DVD,
B002ZUB8F4,Tom Izzo: 多威胁得分进攻 (DVD),,,,,,,5
B002ZZ2LJ6,Kto Nigdy Nie Zyl... [Region 2],,,Andrzej Seweryn,"Michal Zebrowski, Joanna Sydor-Klepacka, Teresa Marczewska, Robert Janowski, Stefan Burczyk",,DVD,
B002ZZ8Z9Q,The Colony,,,,,,,4.6
B002ZZJGSK,Steel Of Fire Warriors 2010 A.D.,2008,科幻，喜剧，奇幻，动作片,Wil Long,Travis Vogt，Kevin Clarke，Owen Straw,Jaqi Furback，Daniel Carroll，Derek Sheen,prime video,
B0030ARG4U,间隔健身计时器 tmr05-b 黑色带 loudness 控制拳击摔跤武术 MMA  HIIT 耐用力量健身,,,,,,,2.9
B0030BKNG2,Light Speed Chemistry,2010年1月5日,Educational,Sam Genovese,Cerebellum Academic Team,,DVD,
B0030C9MUY,The Good Men Project,2009,纪录片，特殊兴趣,Matthew Gannon,Michael Kamber，Kent George，Mark St.Amant,Konstantin Selivan，Charlie LeDuff，Rolf Gates，Amin Ahmad,prime video,
B0030CBSVK,The Good Men Project,2009,纪录片，特殊兴趣,Matthew Gannon,Michael Kamber，Kent George，Mark St.Amant,Konstantin Selivan，Charlie LeDuff，Rolf Gates，Amin Ahmad,prime video,
B0030L0LSM,Hyena of London,1964,恐怖内容,Sinister Cinema,,,prime video,
B003152YZA,Jack Bruce and Robin Trower: Seven Moons Live,,Performing Arts,,,,,4.3
B0031545QG,House: Season Three / House: Season Four Value Pack,2010年1月10日,,,"Hugh Laurie, Lisa Edelstein, Omar Epps, Jesse Spencer, Jennifer Morrison",,DVD,
B0031545R0,STOTT PILATES 站起来高,,,,,,,
B003178VFK,"Women, The (1939)",2004年1月15日,,George Cukor,"Joan Crawford, Rosalind Russell, Norma Shearer, Paulette Goddard, Joan Fontaine",,DVD,
B00319DXF6,Ready for Schoo,2007年7月24日,,,Sesame Street,,DVD,
B0031KC4ZA,Cathe Friedrich's HiiT Fat Burner Workout DVD - Home High-Intensity Interval Training For Women and Men - Great For Weight Loss and Cardio Fitness,,,,,,,3.4
B0031Q6J4Q,First Impression // (Numbers),2009年12月28日,Special Interests,*,*,,DVD,
B0031TQFGK,,,,,,,,
B0031TRMVW,Cathe Friedrich's Shock Cardio: MMA Fusion DVD,,Exercise & Fitness,,,,,3.6
B0032167F6,Mala Wielka Milosc,,,Lukasz Karwowski,"Joshua Leonard, Agnieszka Grochowska, Mikolaj Grabowski, Michael Dunn, Liz Torres",,DVD,
B00333K8Q2,全身解决方案 relieve 疼痛 & 预防 strain IN 15分钟健身 DVD,,,,,,,3.6
B0033BW3B2,,,,,,,,
B0033PSH1I,One Bullet,2010年1月11日,,,,,DVD,
B0033YT1GE,Christianity - Baptist,2003,悬疑，剧情片，特殊兴趣,---,,,prime video,
B00354P09Y,John Smith's Chain Wrestling Formula (DVD),,,,,,,4
B003627S0E,Alternative Sin,2010年1月26日,,Global Media,various,,DVD,
B00364K72I,Gordon Ramsay // Hell s Kitchen Season 2,2012年11月8日,,*,Gordon Ramsay,,DVD,
B0036J69TS,Bear's Mission Everest,,,,,,,4
B0036RT7JY,Komedia Malzenska (aka A Comedy about Marriage),,,Roman Zaluski,"Ewa Kasprzyk, Jan Englert, Ewa Dalkowska, Zdzislaw Wardejn, Krzysztof Kolberger",,DVD,
B0037QGUW6,The Real Badlands,2010年2月9日,,"Tim Clark, Craig Ford",Simon Burgess & Susan Moran,,DVD,
B00386LQEW,The Garth Method,2006,喜剧，剧情片，艺术电影院，纪录片,Gregory Pakis,Garth Petridis,,prime video,
B0038YX29G,Dating Cues For Men,2010年2月18日,,"Jeff Edwards, L.A. Hoyt",Jennifer Knoedl,,DVD,
B0039L3APO,"Thai Yoga by Kate Olafson, M.Ed.",,,,,,,1
B0039UU3UK,Skunkape Stew Double Feature,2010年2月24日,,Mike C. Hartman,"Frank J. Levanduski, Sherrie Hartman, John Morgan, Mike C. Hartman",,DVD,
B0039ZR6X2,Now This... WJMA Radio's Early Years 1949-1984,,,,,,,5
B003AMUABY,Dhoom 2 (Tamil Film / Indian Cinema DVD),2007年3月21日,"Comedy, Action & Adventure",,"Hritikh Roshan, Abhishek Bachchan, Aishwarya Rai, Bipasha Basu, Uday Chopra",,DVD,
B003ATC3VM,Freestyle Trainer PRO,,,,,,,5
B003AV650K,"The Insatiable (Insaciable) [ NON-USA FORMAT, PAL, Reg.2 Import - Spain ]",,,"Cary Solomon, Chuck Konzelman","Charlotte Ayanna, Sean Patrick Flanery, Michael Biehn, Josh Hopkins, Brad Rowe",,DVD,
B003B3JOH8,The House On Tabenkin Street,2008,纪录片，特殊兴趣,Liviu Carmely,,,prime video,
B003B5ZIKS,chalean EXTREME DVD 锻炼,,,,,,,4.2
B003BJODJG,Tall Man,2010年3月1日,,,,,DVD,
B003BLSR00,Iron Core Boot Camp with Sarah Lurie，RKC，CSCS。,,,,,,,3
B003BWQ12A,Shadow Government + The Obama Deception DVD 2 Pack,,,,,,DVD,
B003BZV3Z2,,,,,,,,3.3
B003CFB92S,Story of Juan Bago,2010年3月15日,,,,,DVD,
B003CNNMHA,Jill Miller yoga 调节户外运动弹力 routines DVD,,,,,,,4.3
B003CS28X4,WCP La Course en Tete & The Greatest Show On Earth,,,,,,,4.8
B003DZX42U,Permissive [Blu-ray],,,,,,,
B003EV5BKG,Dark Nights,,,,,,,
B003FMUZQ4,Chef Tony Montana,2010年4月7日,,David Golshan,"David Golshan, Jenn Lewis",,DVD,
B003G4E4N6,"Bring Back the Romance of Dance, Vol. 3 - Latin",2010年4月8日,,Nancy Hays,Nancy Hays,,DVD,
B003G4JUG2,Unlimited 格斗健身完整套装,,,,,,,5
B003H8HV36,Police State 4 + Invisible Empire,,,,,,,5
B003HI3B7G,Grindstone Redux: 1980s Underground Music,2009年10月11日,,Andrew Szava-Kovats,"Randy Greif, Charles Goff, Jeff Chenault, Christopher Elston, Don Campau",,DVD,
B003HZF6KE,Supernova/The Poseidon Adventure,2010年11月23日,,,"Supernova, Poseidon Adventure",,DVD,
B003J5JXWY,Blue Steel 1943,2010年4月23日,,Robert Bradbury,"John Wayne, Ealson Hunt, George 'Gaby' Hays",,DVD,
B003KK5A7U,Your Health in the Kitchen,2010年5月4日,,Kathy Wright,,,DVD,
B003KM4CPO,Just the Facts: U.S. History : History and Functions of Presidency,2010年5月25日,Special Interests/History,,Just the Facts,,DVD,
B003KSO3LG,Myth [Blu-ray],2010年1月5日,,,"Chan,Jackie",,蓝光光碟,
B003LNOI1U,Start getting 健康 DVD 来自重量看守者,,,,,,,4.4
B003N5VU2Q,Andy James Shred Guitar in 6 Weeks: Week 5 DVD,2010年9月14日,,Andy James,Andy James,,DVD,
B003PBVGVI,AeroSpace NYC: AeroBarre (DVD),,,,,,,4.5
B003RCJRSY,"Today & Tomorrow - DVD One[NON-US FORMAT, PAL]",2010年6月12日,,David Jones,,,DVD,
B003TX8Q2Y,Music,2010年6月25日,Music Videos & Concerts,,Brainy Baby,,DVD,
B003UYV1H4,Drawing like the Old Masters (Chapter 3 - Statue of an Old Man copy),2010年7月7日,,Derek Van Derven,Derek Van Derven,,DVD,
B003V0YEH6,One Big Happy Family: Season 1,,,,,,,5
B003VWR6RO,巴西提臀最大效果升级 DVD 锻炼,,,,,,,3.2
B003XS1ZZU,How to get Your Film into Film Festivals!,2010年11月2日,,Sylvia Binsfeld,Chris Arend,,DVD,
B003Y9ZVY4,Wubbzy: Wubbzy Goes To School,2010年8月3日,Kids & Family,,,,DVD,
B003YCPUME,The Collective,2010年8月4日,,Bryan Higby and Rick Snyder,"Bryan Higby, Rick Snyder, Scott Higby, James Smith, David Wilder, Jesseca Trainham",,DVD,
B003YWDAMQ,SHXAS-cscjsbajbwwd-CT-001,,,,,,,5
B003Z1O2G4,Balance: A 2 Day Yoga Experience with Diane Barriere 2 Hour DVD,,,,,,,4
B003ZWBWJS,身体按摩 biomechanics for THE 足部 & 小腿教育 DVD,,,,,,,2
B003ZWFQ2M,身体按摩 biomechanics for THE HIP & 下背教育 DVD,,,,,,,2.7
B003ZZ7TSI,Jerusalem (Dudu Fisher's Kindergarten),,"Kids & Family, Musicals",,,,,5
B0041HPV6G,巴西提臀锻炼?C?豪华套装,,,,,,,4.2
B0041LZ1WG,Precious Metal Inlays with Ray Cover (DVD),,,,,,,1
B0041OSW9W,Team Splash Productions; Films of 2009,,,,,,DVD,
B0041RDCHG,Stott Pilates 迷你柔性球锻炼,,,,,,,4.4
B0042BZ2CE,,,,,,,,4.5
B00434QPDA,The Day Of The Dead,1985,悬疑，恐怖内容,Alpha Studios,,,prime video,
B00435RZ4W,"Lift Kara De (Hindi Television Serial hosted by Karan Johar, Guests- Shahid Kapur / Priyanka Chopra)",2010年9月21日,,Karan Johar,"Shahid Kapoor, Priyanka Chopra, Karan Johar",,DVD,
B0043X5BA4,bodystrikes 来自 powerstrike VOL. 2,,,,,,,4.1
B0044Z98Y6,POWERSTRIKE 6 DVD with Ilaria Montagnani,,,,,,,4.5
B0046MA4EK,Man of the forest (Zane Grey orig. 1933),,,,,,VHS,
B0047EF19U,Livingstone,2012年5月29日,Drama,M.A. Wetherell,"Douglas Pierce, Reginald Fox, M.A. Wetherell, Simeon Stuart",,DVD,
B004A5EWZK,,,,,,,,
B004BN6X0S,Kettlebell Kombos with Paul Katami DVD,,Exercise & Fitness,,,,,4.3
B004W6EDHO,Crime and Punishment (Zui Yu Fa),2006,国际，纪录片,---,,,prime video,
B004ZT7QL8,The Unidentified,2006,剧情片，爱情,Kevan Tucker,Jay Sullivan，Lauren Shannon,,prime video,
B004ZVR5OY,The Legends of North Carolina,2006,剧情片,"On The Clock, LLC.",,,prime video,
B0054MRKAM,aylio 101阻力带 Exercises DVD,,,,,,,3.4
B00874WE6Y,Play Normally!,2012年5月29日,Comedy,Hal Dace,Deborah Harry,,DVD,
B008962BFO,Murder in Harber Woods,2006,恐怖内容,Mike M Burke,Mike M Burke，Jennifer Wetmore，Karl Peterson,Ryan Burke,prime video,
B008962FBO,Murder in Harber Woods,2006,恐怖内容,Mike M Burke,Mike M Burke，Jennifer Wetmore，Karl Peterson,Ryan Burke,prime video,
B0089PTM3O,Cheap Monday Women's Angela Tank C Interrupted Stripe,,,,,,,
B008A1AKNS,My First Collection Vol. 4 featuring Robot Zot,2012年10月9日,Kids & Family/Animation,Scholastic,"Zach Braff, Diana Canova, James Naughton, Jerry Trainor, David De Vries",,DVD,
B008ERNLL6,STOTT PILATES Matwork Flow 调理序列锻炼,,,,,,,4.1
B008G4NFTU,Killer Stories: Crimes of,2011,恐怖内容,World Wide Multi Media,,,prime video,
B008GW4RWG,Suburban Heroes Vs. Season Two,2012年7月2日,,"Terence Cover, Andy Yeomans, Mike Kammer","Mike Kammer, Terence Cover, Mike Hartman, Tom Sullivan",,DVD,
B008J5IHHG,Why We Walk,2012年7月9日,,,,,DVD,
B008JQGSRG,(Ete) Sid in Motion,2012年8月7日,,,,,DVD,
B008K49WU2,Pranam,,,,,,,5
B008MJZE3E,Bunty Aur Babli [Blu-ray],,,,,,,4.5
B008RPZ16S,Thai Yoga massage-The long Sequence,2012年8月1日,,,,,DVD,
B008VHQ97M,Clive the Zombie: Contains Puppet Gore,,喜剧，恐怖内容,John Cosper,Daniel Emery Taylor，Sonny Burnette，Caroline O'Neil,Kayla Perkins，Claude D. Miles，Denny Grinar，Russ Croley,prime video,
B008VHR1RE,Anikruya,,儿童，动作片，奇幻，冒险片，音乐视频和音乐会,Ahura Z. Diliiza,Courtney Zang，Ahura Z. Diliiza，Olivia Goncalves,Nirakazi Ng,prime video,
B008ZEDR76,Bikini Babes Movie Five,2012,动画，艺术、娱乐和文化，动漫，奇幻，动作片,Steve Balsam,Martine,,prime video,
B00965N98K,Suburban Heroes Vs. Season Two,,喜剧,Terence Cover，Andy Yeomans，Mike Kammer,Mike Kammer，Terence Cover，Mike Hartman,Tom Sullivan,prime video,
B009B0L5FO,Cat in the Hat: Wings & Things,2012年11月23日,,,,,DVD,
B009HX5ESY,Pre & Post Natal Fitness,2013年11月19日,Exercise & Fitness,,,,DVD,
